{
  "model": "lenet5",
  "n_images": 200,
  "n_runs": 30,
  "accuracy_pct": 99.0,
  "correct": 198,
  "hw_freq_mhz": 80,
  "hw_freq_source": "user-specified (80 MHz)",
  "hw_cycles": 176888,
  "hw_cycles_source": "live measurement (cim_soc_80mhz.xsa)",
  "hw_compute_cycles": 176888,
  "hw_compute_us": 2211.1,
  "sw_per_image_us": {
    "sequential": {
      "mean_us": 628206.650879929,
      "median_us": 627025.7022506485,
      "min_us": 608754.1345004865,
      "max_us": 648365.1310009009
    },
    "batched": {
      "mean_us": 40516.73688745723,
      "median_us": 39935.020000484656,
      "min_us": 39718.5570000147,
      "max_us": 41796.59349938447
    }
  },
  "speedups": {
    "pure_compute": {
      "sequential": {
        "sw_compute_us": 628206.650879929,
        "hw_compute_us": 2211.1,
        "speedup_hw_over_sw": 284.114988412975
      },
      "batched": {
        "sw_compute_us": 40516.73688745723,
        "hw_compute_us": 2211.1,
        "speedup_hw_over_sw": 18.324244442791926
      }
    },
    "end_to_end": {
      "sequential": {
        "sw_compute_us": 628206.650879929,
        "hw_endtoend_us": 29040.0,
        "hw_endtoend_ms": 29.04,
        "hw_csv": "results/arm_dma_batch_lenet5_data_42.csv",
        "ratio_sw_over_hw": 21.63246042974962,
        "ratio_hw_over_sw": 0.0462268267286309
      },
      "batched": {
        "sw_compute_us": 40516.73688745723,
        "hw_endtoend_us": 29040.0,
        "hw_endtoend_ms": 29.04,
        "hw_csv": "results/arm_dma_batch_lenet5_data_42.csv",
        "ratio_sw_over_hw": 1.3952044382733204,
        "ratio_hw_over_sw": 0.7167408392404354
      }
    },
    "accuracy_match": {
      "sw_accuracy_pct": 99.0,
      "hw_csv_accuracy_pct": 99.0,
      "match": true
    }
  },
  "run_time": "2025-05-04 21:32:05",
  "hw_csv": "arm_dma_batch_lenet5_data_42"
}