{
  "model": "lenet5",
  "n_images": 200,
  "n_runs": 30,
  "accuracy_pct": 99.0,
  "correct": 198,
  "hw_freq_mhz": 75,
  "hw_freq_source": "user-specified (75 MHz)",
  "hw_cycles": 207322,
  "hw_cycles_source": "live measurement (cim_soc_75mhz.xsa)",
  "hw_compute_cycles": 207322,
  "hw_compute_us": 2764.293333333333,
  "sw_per_image_us": {
    "sequential": {
      "mean_us": 616696.1773200909,
      "median_us": 603663.5159998696,
      "min_us": 598502.1494998364,
      "max_us": 641116.1034993711
    },
    "batched": {
      "mean_us": 40238.09657000129,
      "median_us": 39571.36149983853,
      "min_us": 39385.008998579,
      "max_us": 41595.73200013256
    }
  },
  "speedups": {
    "pure_compute": {
      "sequential": {
        "sw_compute_us": 616696.1773200909,
        "hw_compute_us": 2764.293333333333,
        "speedup_hw_over_sw": 223.0936094529612
      },
      "batched": {
        "sw_compute_us": 40238.09657000129,
        "hw_compute_us": 2764.293333333333,
        "speedup_hw_over_sw": 14.556377242888344
      }
    },
    "end_to_end": {
      "sequential": {
        "sw_compute_us": 616696.1773200909,
        "hw_endtoend_us": 29650.0,
        "hw_endtoend_ms": 29.65,
        "hw_csv": "results/arm_dma_batch_lenet5_data_42.csv",
        "ratio_sw_over_hw": 20.799196536933927,
        "ratio_hw_over_sw": 0.04807878026558679
      },
      "batched": {
        "sw_compute_us": 40238.09657000129,
        "hw_endtoend_us": 29650.0,
        "hw_endtoend_ms": 29.65,
        "hw_csv": "results/arm_dma_batch_lenet5_data_42.csv",
        "ratio_sw_over_hw": 1.3571027510961648,
        "ratio_hw_over_sw": 0.7368638809347897
      }
    },
    "accuracy_match": {
      "sw_accuracy_pct": 99.0,
      "hw_csv_accuracy_pct": 99.0,
      "match": true
    }
  },
  "run_time": "2025-05-04 12:27:14",
  "hw_csv": "arm_dma_batch_lenet5_data_42"
}