{
  "model": "lenet5",
  "n_images": 200,
  "n_runs": 30,
  "accuracy_pct": 100.0,
  "correct": 200,
  "hw_freq_mhz": 75,
  "hw_freq_source": "user-specified (75 MHz)",
  "hw_cycles": 176888,
  "hw_cycles_source": "live measurement (cim_soc_75mhz.xsa)",
  "hw_compute_cycles": 176888,
  "hw_compute_us": 2358.5066666666667,
  "sw_per_image_us": {
    "sequential": {
      "mean_us": 622118.3016049871,
      "median_us": 606718.8055001225,
      "min_us": 605064.3554999623,
      "max_us": 644312.9954998312
    },
    "batched": {
      "mean_us": 40985.435332465844,
      "median_us": 41380.000000117434,
      "min_us": 39535.59350020441,
      "max_us": 41545.156499978475
    }
  },
  "speedups": {
    "pure_compute": {
      "sequential": {
        "sw_compute_us": 622118.3016049871,
        "hw_compute_us": 2358.5066666666667,
        "speedup_hw_over_sw": 263.77635916723597
      },
      "batched": {
        "sw_compute_us": 40985.435332465844,
        "hw_compute_us": 2358.5066666666667,
        "speedup_hw_over_sw": 17.377705949159573
      }
    },
    "end_to_end": {
      "sequential": {
        "sw_compute_us": 622118.3016049871,
        "hw_endtoend_us": 28940.0,
        "hw_endtoend_ms": 28.94,
        "hw_csv": "results/arm_dma_batch_lenet5_data_41.csv",
        "ratio_sw_over_hw": 21.496831430718284,
        "ratio_hw_over_sw": 0.046518483583168076
      },
      "batched": {
        "sw_compute_us": 40985.435332465844,
        "hw_endtoend_us": 28940.0,
        "hw_endtoend_ms": 28.94,
        "hw_csv": "results/arm_dma_batch_lenet5_data_41.csv",
        "ratio_sw_over_hw": 1.4162209859179629,
        "ratio_hw_over_sw": 0.706104492126151
      }
    },
    "accuracy_match": {
      "sw_accuracy_pct": 100.0,
      "hw_csv_accuracy_pct": 100.0,
      "match": true
    }
  },
  "run_time": "2025-05-04 17:03:17",
  "hw_csv": "arm_dma_batch_lenet5_data_41"
}