{
  "model": "mlp",
  "n_images": 200,
  "n_runs": 30,
  "accuracy_pct": 99.5,
  "correct": 199,
  "hw_freq_mhz": 100,
  "hw_compute_cycles": 3282,
  "hw_compute_us": 32.82,
  "sw_per_image_us": {
    "sequential": {
      "mean_us": 4459.047757472945,
      "median_us": 4544.538249774632,
      "min_us": 4240.005499923427,
      "max_us": 5635.45799923304
    }
  },
  "speedups": {
    "pure_compute": {
      "sequential": {
        "sw_compute_us": 4459.047757472945,
        "hw_compute_us": 32.82,
        "speedup_hw_over_sw": 135.86373423135115
      }
    },
    "end_to_end": {
      "sequential": {
        "sw_compute_us": 4459.047757472945,
        "hw_endtoend_us": 1940.0,
        "hw_endtoend_ms": 1.94,
        "hw_csv": "results/arm_dma_batch_mlp_data_41.csv",
        "ratio_sw_over_hw": 2.298478225501518,
        "ratio_hw_over_sw": 0.4350704691935049
      }
    },
    "accuracy_match": {
      "sw_accuracy_pct": 99.5,
      "hw_csv_accuracy_pct": 99.5,
      "match": true
    }
  }
}